stage,best_val_auc,epochs_run
1,0.8370794271487915,10
2,0.8613900461199528,20
3,0.8658770578848882,10
