stage,best_val_auc,epochs_run
1,0.8208239993128558,10
2,0.8506198971215081,20
3,0.8550276451092234,9
