stage,best_val_auc,epochs_run
1,0.8400496188245044,10
2,0.8542621096425904,20
3,0.856034089368915,9
