stage,best_val_auc,epochs_run
1,0.8621600249243362,10
2,0.8823637421151862,13
3,0.8796186258216734,9
