stage,best_val_auc,epochs_run
1,0.8184002947767858,10
2,0.8272988993343529,20
3,0.8272988993343529,0
