stage,best_val_auc,epochs_run
1,0.8460280810432532,10
2,0.8551374993533567,12
3,0.8551374993533567,0
