metric,point_estimate,ci_lower,ci_upper
macro_auc,0.8591743532356433,0.8430993157797394,0.8746658923609422
melanoma_sensitivity,0.4112903225806452,0.3489264589035049,0.4722587719298245
