metric,point_estimate,ci_lower,ci_upper
macro_auc,0.8534252486741533,0.8349187031841823,0.8706340787400701
melanoma_sensitivity,0.3080168776371308,0.24882420710219572,0.3691149421141847
