{
  "img_size": 224,
  "batch_size": 32,
  "norm_mean": [
    0.485,
    0.456,
    0.406
  ],
  "norm_std": [
    0.229,
    0.224,
    0.225
  ],
  "num_classes": 8,
  "classes": [
    "actinic keratosis",
    "basal cell carcinoma",
    "dermatofibroma",
    "melanoma",
    "nevus",
    "pigmented benign keratosis",
    "squamous cell carcinoma",
    "vascular lesion"
  ],
  "class_weights": {
    "0": 3.332961,
    "1": 1.635148,
    "2": 3.551028,
    "3": 0.926947,
    "4": 0.436878,
    "5": 1.108789,
    "6": 2.710616,
    "7": 3.101588
  },
  "reinhard_ref_mean": [
    162.21722412109375,
    149.1895751953125,
    134.10443115234375
  ],
  "reinhard_ref_std": [
    27.77635383605957,
    5.03389310836792,
    5.909270286560059
  ],
  "split_sizes": {
    "train": 7465,
    "val": 1600,
    "test": 1715
  },
  "use_v2": true,
  "preprocessed_dirs": {
    "v1": "preprocessed",
    "v2": "preprocessed_v2"
  },
  "preprocessing": {
    "resize": "224x224",
    "ruler_removal": true,
    "hair_removal": true,
    "shadow_removal": true,
    "clahe": {
      "clip_limit": 2.0,
      "tile_grid": "8x8"
    },
    "reinhard_norm": true
  }
}